<?xml version="1.0" encoding="utf-8"?>
<!DOCTYPE install PUBLIC "-//Joomla! 2.5//DTD template 1.0//EN" "http://www.joomla.org/xml/dtd/1.6/template-install.dtd">
<extension version="2.5" type="template" client="site">
	<name>Perpetuum Cantabile</name>
	<creationDate>21 September 2013</creationDate>
	<author>Nadine Fisch</author>
	<authorEmail>Nadine.Fisch@gmx.net</authorEmail>
	<authorUrl>http://www.perpetuumcantabile.de</authorUrl>
	<copyright>Copyright (C) 2005 - 2013 Open Source Matters, Inc. All rights reserved.</copyright>
	<license>GNU General Public License version 2 or later; see LICENSE.txt</license>
	<version>1.0</version>
	<description></description>

	<files>
		<folder>css</folder>
		<folder>img</folder>
		<folder>js</folder>
	
	
		<filename>index.html</filename>
		<filename>index.php</filename>
		<filename>contact.php</filename>
		<filename>templateDetails.xml</filename>
		<filename>component.php</filename>
		<filename>error.php</filename>
	</files>

	<positions>
		<position>debug</position>
		<position>position-0</position>
		<position>position-1</position>
		<position>position-2</position>
		<position>position-3</position>
		<position>position-4</position>
		<position>position-5</position>
		<position>position-6</position>
		<position>position-7</position>
		<position>position-8</position>
		<position>position-9</position>
		<position>position-10</position>
		<position>position-11</position>
		<position>position-12</position>
		<position>position-13</position>
		<position>position-14</position>
	</positions>


</extension>
